epoch,loss,masked_accuracy,val_loss,val_masked_accuracy
0,1.8829494714736938,0.27290573716163635,1.7382858991622925,0.2835181951522827
