epoch,loss,masked_accuracy,val_loss,val_masked_accuracy
0,1.205171823501587,0.5246423482894897,0.7680689692497253,0.6317874789237976
